code,name,unit,level,norm_name,example_raw_name,n_records,n_2025,n_2026,first_seen,category,needs_review,action_source,prescriptive_action
103,Unsupported file,Kohinoor,R,Unsupported file,Unsupported file,1881,795,1086,2025,job_file,0,plant_curated,Confirm a supported file format; contact IT or Prepress if file conversion is required.
103,Unsupported file,kohinoor PC2,R,Unsupported file,Unsupported file,1805,778,1027,2025,job_file,0,plant_curated,Confirm a supported file format; contact IT or Prepress if file conversion is required.
57,Print head electronics are off,MLC,R,Print head electronics are off,Print head electronics are off,948,575,373,2025,machine_state,0,plant_curated,Restore print-head electronics power and check the power supply and controller connections.
3,Machine blocked,MLC,R,Machine blocked,Machine blocked,797,310,487,2025,mechanical_stop,0,plant_curated,"Clear the active alarm or block condition, investigate its cause, then restart the job."
57,GPU Log message,PU1,R,GPU Log message,GPU Log message,669,493,176,2025,job_file,0,plant_curated,Review the GPU and controller logs; restart the application only if an active fault is confirmed.
57,Dropouts outdated,IAT,W,Dropouts outdated,Dropouts outdated,365,106,259,2025,head_degradation,0,plant_curated,"Perform an immediate scan or calibration, then verify uniformity and dropouts before printing."
3,Crash sensor right,MLC,R,Crash sensor right,Crash sensor right,325,133,192,2025,mechanical_stop,0,plant_curated,"Inspect the crash sensor and carriage path, remove any obstruction, reset the sensor, and perform a test run."
57,Service timeout,MLC,R,Service timeout,Service timeout,184,64,120,2025,advisory,0,plant_curated,"Check the network and OPC/service status, restore the connection, then retry the operation."
1,Print heads replaced,DPU,W,Print heads replaced,Print heads replaced,165,163,2,2025,maintenance_action,0,plant_curated,"Verify print-head calibration, run a nozzle test, and release the machine only after the test passes."
57,Jet velocity invalid,IAT,W,Jet velocity invalid,Jet velocity invalid,145,144,1,2025,head_degradation,0,plant_curated,Run the jet-velocity test and recalibrate the print heads if values remain out of range.
1,Emergency stop,MLC,R,Emergency stop,Emergency stop,127,79,48,2025,mechanical_stop,0,plant_curated,"Remove the emergency condition, inspect machine safety, reset the emergency stop, then restart with authorization."
4,Machine fatal error,MLC,R,Machine fatal error,Machine fatal error,94,52,42,2025,mechanical_stop,0,plant_curated,"Stop the machine safely, record the fault details, restart the controller, and contact maintenance or IT if repeated."
-235,Abort failed.,PU1,R,Abort failed.,Abort failed.,92,70,22,2025,job_file,0,plant_curated,"Clear the failed job from the queue, verify the Print Server and controller status, then resubmit the job."
57,Nozzle delay invalid,IAT,W,Nozzle delay invalid,Nozzle delay invalid,83,83,0,2025,head_degradation,0,plant_curated,Run nozzle-delay calibration and inspect the print heads before resuming printing.
59,<job> conflicts with <job>,ICU,R,<job> conflicts with <job>,Savoie azure FrtRev KingSuperKing 232cm Pro Opt10 D3 conflicts with LineMeas[Print],82,23,59,2025,job_file,0,plant_curated,"Clear the conflicting Print/Prepare job, select the correct file and strategy, then resubmit the job."
2,Crash sensor left,MLC,R,Crash sensor left,Crash sensor left,73,25,48,2025,mechanical_stop,0,plant_curated,"Inspect the crash sensor and carriage path, remove any obstruction, reset the sensor, and perform a test run."
2,Machine request error,MLC,R,Machine request error,Machine request error,67,22,45,2025,advisory,0,plant_curated,Clear the request queue and retry; restart the controller if the error persists.
-202,General Print Controller command failure.,PU1,R,General Print Controller command failure.,General Print Controller command failure.,64,48,16,2025,job_file,0,plant_curated,"Restart the print controller or machine, verify controller communication, then retry the command."
-210,Print failed.,PU1,R,Print failed.,Print failed.,60,41,19,2025,job_file,0,plant_curated,"Clear the failed job from the queue, verify the Print Server and controller status, then resubmit the job."
101,File system,Scans,R,File system,File system,49,29,20,2025,job_file,0,plant_curated,"Check disk space and file-system health, clear temporary files if required, then restart the controller."
4,Print belt not ready,MLC,R,Print belt not ready,Print belt not ready,47,15,32,2025,mechanical_stop,0,plant_curated,"Inspect the belt, sensors, and drive status; clear the alarm and retry after the belt is ready."
59,File system,ICU,R,File system,File system,45,12,33,2025,job_file,0,plant_curated,"Check disk space and file-system health, clear temporary files if required, then restart the controller."
9,Alarm by operator,MLC,R,Alarm by operator,Alarm by operator,41,20,21,2025,advisory,0,plant_curated,"Check the associated machine condition, then acknowledge and clear the alarm."
101,File system,Kohinoor,R,File system,File system,37,9,28,2025,job_file,0,plant_curated,"Check disk space and file-system health, clear temporary files if required, then restart the controller."
59,Printing <job> failed,ICU,R,Printing <job> failed,Printing Cherry Blossom Rev Opt15 1422A failed,34,12,22,2025,job_file,0,plant_curated,"Clear the failed job, verify the file, strategy, and machine readiness, then resubmit the job."
15,Analyzer,IAT,W,Analyzer,Analyzer,34,24,10,2025,head_degradation,0,plant_curated,"Review analyzer status and logs, then run the required test or scan."
101,File system,kohinoor3,R,File system,File system,25,8,17,2025,job_file,0,plant_curated,"Check disk space and file-system health, clear temporary files if required, then restart the controller."
101,File system,Kohinoor j1-pc,R,File system,File system,25,14,11,2025,job_file,0,plant_curated,"Check disk space and file-system health, clear temporary files if required, then restart the controller."
16,Analyzer,IAT,W,Analyzer,Analyzer,24,14,10,2025,head_degradation,0,plant_curated,"Review analyzer status and logs, then run the required test or scan."
5,Print carriage not ready,MLC,R,Print carriage not ready,Print carriage not ready,15,6,9,2025,mechanical_stop,0,plant_curated,"Inspect belt and carriage movement and sensors; clear the alarm, then home and test the carriage."
101,File system,kohinoor PC2,R,File system,File system,14,6,8,2025,job_file,0,plant_curated,"Check disk space and file-system health, clear temporary files if required, then restart the controller."
59,Preparing <job> failed,ICU,R,Preparing <job> failed,Preparing Grandients Aura Watercolor Collage Prism Frt 108011 11 Opt03A SetB Clr 35Mtr CC0051 failed,12,10,2,2025,job_file,0,plant_curated,"Clear the failed job, verify the file, strategy, and machine readiness, then resubmit the job."
-8,The Print Server has been suspended (this usually occurs while the Print Server is restarting or shutting down).,PU1,R,The Print Server has been suspended (this usually occurs while the Print Server is restarting or shutting down).,The Print Server has been suspended (this usually occurs while the Print Server is restarting or shutting down).,11,5,6,2025,job_file,0,plant_curated,"Allow the Print Server restart to complete; restart the server or controller if necessary, then retry."
57,Analyze failure,IAT,R,Analyze failure,Analyze failure,10,2,8,2025,job_file,0,plant_curated,Check the scan or analyzer input and rerun the scan; escalate to IT if the fault repeats.
102,Missing nozzles,DPU,W,Missing nozzles,Missing nozzles,8,2,6,2025,head_degradation,0,plant_curated,Perform a nozzle test and cleaning; recover or replace the affected print head if needed.
103,File system,kohinoor PC2,R,File system,File system,8,0,8,2026,job_file,0,plant_curated,"Check disk space and file-system health, clear temporary files if required, then restart the controller."
57,Error communicating with print server,PU1,R,Error communicating with print server,Error communicating with print server,8,6,2,2025,job_file,0,plant_curated,"Verify the network and Print Server service, restart the server or controller if needed, then retry."
57,Error connecting to print server,PU1,R,Error connecting to print server,Error connecting to print server,7,5,2,2025,job_file,0,plant_curated,"Verify the network and Print Server service, restart the server or controller if needed, then retry."
103,File system,Kohinoor,R,File system,File system,6,0,6,2026,job_file,0,plant_curated,"Check disk space and file-system health, clear temporary files if required, then restart the controller."
7,Infeed error,MLC,R,Infeed error,Infeed error,5,0,5,2026,mechanical_stop,0,proposed,Inspect the named subsystem before the next job; clear obstruction and verify sensor/actuator state.
103,Access denied,J2,R,Access denied,Access denied,5,0,5,2026,job_file,0,proposed,Operator/IT: re-export or re-path the job file; verify RIP share availability. Not a maintenance action.
12,Air pressure error,MLC,R,Air pressure error,Air pressure error,4,2,2,2025,mechanical_stop,0,plant_curated,"Check compressed-air supply, pressure settings, and leaks; restore stable pressure, then reset the alarm."
14,Analyzer,IAT,W,Analyzer,Analyzer,4,0,4,2026,head_degradation,0,plant_curated,"Review analyzer status and logs, then run the required test or scan."
57,Timeout waiting for completed,PU1,R,Timeout waiting for completed,Timeout waiting for completed,4,3,1,2025,job_file,0,plant_curated,"Check Print Server job status and network connectivity; restart the service or controller, then retry."
100,Missing nozzles,DPU,W,Missing nozzles,Missing nozzles,4,0,4,2026,head_degradation,0,plant_curated,Perform a nozzle test and cleaning; recover or replace the affected print head if needed.
103,Unsupported scan,Scans,R,Unsupported scan,Unsupported scan,4,3,1,2025,job_file,0,plant_curated,Use supported scan settings and rerun the scan.
59,Remote OPC UA server at 192.168.200.123 not available,ICU,R,Remote OPC UA server at 192.168.200.123 not available,Remote OPC UA server at 192.168.200.123 not available,3,2,1,2025,job_file,0,plant_curated,"Check the network and OPC/service status, restore the connection, then retry the operation."
8,Clean dry air not ready,MLC,R,Clean dry air not ready,Clean dry air not ready,3,0,3,2026,mechanical_stop,0,proposed,Inspect the named subsystem before the next job; clear obstruction and verify sensor/actuator state.
-214,Failed to start print queue mode.,PU1,R,Failed to start print queue mode.,Failed to start print queue mode.,2,0,2,2026,job_file,0,proposed,Operator/IT: re-export or re-path the job file; verify RIP share availability. Not a maintenance action.
103,File system,Scans,R,File system,File system,2,2,0,2025,job_file,0,plant_curated,"Check disk space and file-system health, clear temporary files if required, then restart the controller."
8,Outfeed error,MLC,R,Outfeed error,Outfeed error,2,1,1,2025,mechanical_stop,0,plant_curated,"Inspect the outfeed conveyor, sensors, and obstructions; reset the alarm and perform a test run."
17,Analyzer,IAT,W,Analyzer,Analyzer,2,0,2,2026,head_degradation,0,plant_curated,"Review analyzer status and logs, then run the required test or scan."
1,Analyzer,IAT,R,Analyzer,Analyzer,2,1,1,2025,advisory,0,plant_curated,"Review analyzer status and logs, then run the required test or scan."
57,Uniformity invalid,IAT,W,Uniformity invalid,Uniformity invalid,2,2,0,2025,head_degradation,0,plant_curated,"Perform an immediate scan or calibration, then verify uniformity and dropouts before printing."
103,Directory not empty,kohinoor PC2,R,Directory not empty,Directory not empty,2,2,0,2025,job_file,0,plant_curated,"Clear or archive the target directory, then retry the operation."
57,Uniformity outdated,IAT,W,Uniformity outdated,Uniformity outdated,2,2,0,2025,head_degradation,0,plant_curated,"Perform an immediate scan or calibration, then verify uniformity and dropouts before printing."
13,Ink temperature too high,MLC,R,Ink temperature too high,Ink temperature too high,2,1,1,2025,mechanical_stop,0,plant_curated,"Check the chiller, dryer, and room temperature; restore ink temperature to its operating range before resuming."
59,Socket timeout,ICU,R,Socket timeout,Socket timeout,2,0,2,2026,job_file,0,proposed,Operator/IT: re-export or re-path the job file; verify RIP share availability. Not a maintenance action.
57,"Unexpected stage response while waiting for connect response, A",PU1,R,"Unexpected stage response while waiting for connect response, A","Unexpected stage response while waiting for connect response, A",2,0,2,2026,job_file,0,proposed,Operator/IT: re-export or re-path the job file; verify RIP share availability. Not a maintenance action.
-220,Failed to add item to queue.,PU1,R,Failed to add item to queue.,Failed to add item to queue.,1,0,1,2026,job_file,0,proposed,Operator/IT: re-export or re-path the job file; verify RIP share availability. Not a maintenance action.
5,Seam sensor error,MLC,R,Seam sensor error,Seam sensor error,1,0,1,2026,mechanical_stop,0,proposed,Inspect the named subsystem before the next job; clear obstruction and verify sensor/actuator state.
13,Analyzer,IAT,W,Analyzer,Analyzer,1,1,0,2025,advisory,0,plant_curated,"Review analyzer status and logs, then run the required test or scan."
10,"Parameter Strategy with value cottonfast triple is out of range {Fast Quadruple, Fast Triple, .. Default}",ICU,R,"Parameter Strategy with value cottonfast triple is out of range {Fast Quadruple, Fast Triple, .. Default}","Parameter Strategy with value cottonfast triple is out of range {Fast Quadruple, Fast Triple, .. Default}",1,0,1,2026,job_file,0,proposed,Operator/IT: re-export or re-path the job file; verify RIP share availability. Not a maintenance action.
59,Duplicate name: Cotton Fast Triple,ICU,R,Duplicate name: Cotton Fast Triple,Duplicate name: Cotton Fast Triple,1,0,1,2026,job_file,0,proposed,Operator/IT: re-export or re-path the job file; verify RIP share availability. Not a maintenance action.
60,Invalid name,ICU,R,Invalid name,Invalid name,1,0,1,2026,job_file,0,proposed,Operator/IT: re-export or re-path the job file; verify RIP share availability. Not a maintenance action.
60,Illegal argument,ICU,R,Illegal argument,Illegal argument,1,1,0,2025,job_file,0,plant_curated,"Review the job parameters and strategy, correct invalid values, then resubmit the job."
103,Directory not empty,Kohinoor,R,Directory not empty,Directory not empty,1,0,1,2026,job_file,0,plant_curated,"Clear or archive the target directory, then retry the operation."
103,File system,J2,R,File system,File system,1,0,1,2026,job_file,0,plant_curated,"Check disk space and file-system health, clear temporary files if required, then restart the controller."
103,IO,Scans,R,IO,IO,1,1,0,2025,job_file,0,plant_curated,"Check I/O connections, power, and controller modules; reset the controller and test the signals."
